﻿id,snomed_code,disease,rule_1,rule_2,rule_desc,icd10_code,icd10_desc
2e1bedb8-95ba-5953-a612-fa6866f4973c,1.10E+16,History of rectosigmoid junction cancer,TRUE,,ALWAYS Z85.048 | CONSIDER ADDITIONAL CODE TO IDENTIFY SPECIFIC CONDITION OR DISEASE,Z85.048,"Personal history of other malignant neoplasm of rectum, rectosigmoid junction, and anus"
940aa89d-e8ae-52c7-aba6-4083b3f0daf8,1.10E+15,Family history of hereditary nonpolyposis colon cancer,TRUE,,ALWAYS Z80.0 | CONSIDER ADDITIONAL CODE TO IDENTIFY SPECIFIC CONDITION OR DISEASE,Z80.0,Family history of malignant neoplasm of digestive organs
fb4b9917-8c84-585f-9b47-c5704c6611e5,1.10E+15,History of cancer metastatic to lymph nodes,TRUE,,ALWAYS Z85.79 | CONSIDER ADDITIONAL CODE TO IDENTIFY SPECIFIC CONDITION OR DISEASE,Z85.79,"Personal history of other malignant neoplasms of lymphoid, hematopoietic and related tissues"
298ba3b4-05c1-5794-bd53-2fbd9e2cb9df,1.10E+15,History of cancer metastatic to skin,TRUE,,ALWAYS Z85.828 | CONSIDER ADDITIONAL CODE TO IDENTIFY SPECIFIC CONDITION OR DISEASE,Z85.828,Personal history of other malignant neoplasm of skin
bea5df52-90e8-5b35-92ed-3197359d18a6,1.10E+15,History of cancer metastatic to liver,TRUE,,ALWAYS Z85.05 | CONSIDER ADDITIONAL CODE TO IDENTIFY SPECIFIC CONDITION OR DISEASE,Z85.05,Personal history of malignant neoplasm of liver
ddf5f5f9-e3e8-5648-828d-977cb2014a73,1.10E+15,History of cancer metastatic to lung,TRUE,,ALWAYS Z85.118 | CONSIDER ADDITIONAL CODE TO IDENTIFY SPECIFIC CONDITION OR DISEASE,Z85.118,Personal history of other malignant neoplasm of bronchus and lung
280e0d5c-1b30-50be-bb6a-ba3a9fc2b6c4,1.10E+15,History of cancer metastatic to brain,TRUE,,ALWAYS Z85.841 | CONSIDER ADDITIONAL CODE TO IDENTIFY SPECIFIC CONDITION OR DISEASE,Z85.841,Personal history of malignant neoplasm of brain
bb010043-1f06-50d3-a034-79f2dba8ca8a,1.10E+15,History of cancer metastatic to bone,TRUE,,ALWAYS Z85.830 | CONSIDER ADDITIONAL CODE TO IDENTIFY SPECIFIC CONDITION OR DISEASE,Z85.830,Personal history of malignant neoplasm of bone
1b32e6a6-1e4e-5b6c-9185-8b3e26260df9,1.10E+15,Hereditary non-polyposis colon cancer gene mutation positive,TRUE,,ALWAYS Z15.09 | CONSIDER ADDITIONAL CODE TO IDENTIFY SPECIFIC CONDITION OR DISEASE,Z15.09,Genetic susceptibility to other malignant neoplasm
38ff6416-f15b-5072-a1d0-f1f021c681c5,110371003,Abnormal bone marrow iron,TRUE,,ALWAYS R89.8,R89.8,"Other abnormal findings in specimens from other organs, systems and tissues"
cdde6ba4-4147-57b8-95a2-0037679df487,1.12E+14,Cervical cancer Papanicolaou smear screening declined,TRUE,,ALWAYS Z53.20,Z53.20,Procedure and treatment not carried out because of patient's decision for unspecified reasons
15aef437-f677-58fe-a732-1e2b24f93181,1.23E+16,Breast cancer screening declined,TRUE,,ALWAYS Z53.20,Z53.20,Procedure and treatment not carried out because of patient's decision for unspecified reasons
d0da749e-c5c3-51ba-828f-8228f2587538,1.28E+14,High risk for cervical cancer,TRUE,,ALWAYS Z91.89 | CONSIDER ADDITIONAL CODE TO IDENTIFY SPECIFIC CONDITION OR DISEASE,Z91.89,"Other specified personal risk factors, not elsewhere classified"
ff540417-b4c9-505a-b523-20ea4652427d,1.30E+16,Lung cancer screening declined,TRUE,,ALWAYS Z53.20,Z53.20,Procedure and treatment not carried out because of patient's decision for unspecified reasons
3e1d7d5a-9540-56a5-9ce7-12d15fba8154,134405005,Suspected breast cancer,TRUE,,ALWAYS Z12.39 | CONSIDER ADDITIONAL CODE TO IDENTIFY SPECIFIC CONDITION OR DISEASE,Z12.39,Encounter for other screening for malignant neoplasm of breast
34d29d34-796d-56a4-8bc4-b2a526475d2b,1.42E+12,Family history of colorectal cancer,TRUE,,ALWAYS Z80.0 | CONSIDER ADDITIONAL CODE TO IDENTIFY SPECIFIC CONDITION OR DISEASE,Z80.0,Family history of malignant neoplasm of digestive organs
5b1ba546-0ae5-5dfe-afcc-fd16179f7892,1.44E+14,Family history of breast cancer gene mutation in first degree relative,TRUE,,ALWAYS Z84.81 | CONSIDER ADDITIONAL CODE TO IDENTIFY SPECIFIC CONDITION OR DISEASE,Z84.81,Family history of carrier of genetic disease
44bcad2e-7047-57c9-8dd9-0361736612eb,1.62E+16,Cancer antigen 19-9 above reference range,TRUE,,ALWAYS R97.8,R97.8,Other abnormal tumor markers
067b0b44-15b0-5d60-9729-fa351db87de7,162573006,Suspected lung cancer,TRUE,,ALWAYS Z12.2 | CONSIDER ADDITIONAL CODE TO IDENTIFY SPECIFIC CONDITION OR DISEASE,Z12.2,Encounter for screening for malignant neoplasm of respiratory organs
d7490501-626e-5998-8c4b-3ab45c146ab1,171153008,Cancer cervix screening - wanted,TRUE,,ALWAYS Z76.89,Z76.89,Persons encountering health services in other specified circumstances
ba0aa374-8555-5e95-a29b-fe36d8b73431,171159007,Cancer cervix screen-no result yet,TRUE,,ALWAYS Z75.2,Z75.2,Other waiting period for investigation and treatment
119ab700-c734-58a7-bd3e-320484fffb0c,171162005,Cancer cervix screening and fee claim,TRUE,,ALWAYS Z12.4 | CONSIDER ADDITIONAL CODE TO IDENTIFY SPECIFIC CONDITION OR DISEASE,Z12.4,Encounter for screening for malignant neoplasm of cervix
5121fbf7-54fe-52cc-b5ba-0a1387dab098,238701007,Precancerous melanosis,TRUE,,ALWAYS D03.9,D03.9,"Melanoma in situ, unspecified"
c5624ed0-bd1f-5af3-a749-28f148bfa173,254637007,Non-small cell lung cancer,TRUE,,ALWAYS C34.90 | CONSIDER ADDITIONAL CODE TO IDENTIFY SPECIFIC CONDITION OR DISEASE | CONSIDER LATERALITY SPECIFICATION | DESCENDANTS NOT EXHAUSTIVELY MAPPED,C34.90,Malignant neoplasm of unspecified part of unspecified bronchus or lung
c9b393d1-08b2-5847-988c-d89166e86c6a,254841008,Cancer en cuirasse,TRUE,,ALWAYS C44.501,C44.501,Unspecified malignant neoplasm of skin of breast
c5e21945-1c70-558f-8dc0-8bad50527e3e,254843006,Familial cancer of breast,OTHERWISE TRUE,,ALWAYS Z80.3 | CONSIDER ADDITIONAL CODE TO IDENTIFY SPECIFIC CONDITION OR DISEASE,Z80.3,Family history of malignant neoplasm of breast
0d64421f-6d27-53aa-84ff-ef5e102c6df9,254843006,Familial cancer of breast,IF HEREDITARY BREAST AND OVARIAN CANCER SYNDROME ,,IF HEREDITARY BREAST AND OVARIAN CANCER SYNDROME CHOOSE C56.9 | CONSIDER ADDITIONAL CODE TO IDENTIFY SPECIFIC CONDITION OR DISEASE | CONSIDER LATERALITY SPECIFICATION | MAP OF SOURCE CONCEPT IS CONTEXT DEPENDENT,C56.9,Malignant neoplasm of unspecified ovary
776f7068-16f7-5c08-9528-c19b54cb717b,25654007,International Federation of Gynecology and Obstetrics cervical cancer stage Ib,TRUE,,ALWAYS C53.9,C53.9,"Malignant neoplasm of cervix uteri, unspecified"
8ab118ff-c492-533b-ba24-5966faaf3167,268542002,Cancer cervix screening - not attended,OTHERWISE TRUE,,ALWAYS Z53.20,Z53.20,Procedure and treatment not carried out because of patient's decision for unspecified reasons
10ecb9e2-e534-540f-96cf-c0b1da038a13,268543007,Cancer cervix - screening done,TRUE,,ALWAYS Z12.4 | CONSIDER ADDITIONAL CODE TO IDENTIFY SPECIFIC CONDITION OR DISEASE,Z12.4,Encounter for screening for malignant neoplasm of cervix
6169f5de-d15e-55c9-9958-16ebab7c0209,275108004,FH: Stomach cancer,TRUE,,ALWAYS Z80.0 | CONSIDER ADDITIONAL CODE TO IDENTIFY SPECIFIC CONDITION OR DISEASE,Z80.0,Family history of malignant neoplasm of digestive organs
570690d2-0a82-59bf-888d-94606d17c242,275109007,FH: Bowel cancer,TRUE,,ALWAYS Z80.0 | CONSIDER ADDITIONAL CODE TO IDENTIFY SPECIFIC CONDITION OR DISEASE,Z80.0,Family history of malignant neoplasm of digestive organs
5dd14ed2-3791-5777-9b6e-a377a6dc1e21,275110002,FH: Bronchus cancer,TRUE,,ALWAYS Z80.1 | CONSIDER ADDITIONAL CODE TO IDENTIFY SPECIFIC CONDITION OR DISEASE,Z80.1,"Family history of malignant neoplasm of trachea, bronchus and lung"
03a1f660-9390-5051-a14e-7a61f466be9a,315273002,Suspected upper gastrointestinal cancer,,,IF AGE AT ONSET OF CLINICAL FINDING BEFORE 29.0 DAYS CHOOSE Z05.9 | MAP OF SOURCE CONCEPT IS CONTEXT DEPENDENT,Z05.9,Observation and evaluation of newborn for unspecified suspected condition ruled out
ccb960d6-a4cd-5379-9ba6-06ae276cb28d,315273002,Suspected upper gastrointestinal cancer,OTHERWISE TRUE,,ALWAYS Z03.89,Z03.89,Encounter for observation for other suspected diseases and conditions ruled out
49af9f0d-36b9-5390-af1f-b87d1f78debd,315274008,Suspected lower gastrointestinal cancer,IF AGE AT ONSET OF CLINICAL FINDING BEFORE 29.0 DAYS,,IF SUSPECTED BOWEL CANCER CHOOSE Z03.89 | MAP OF SOURCE CONCEPT IS CONTEXT DEPENDENT,Z03.89,Encounter for observation for other suspected diseases and conditions ruled out
9d226c69-7a96-5027-9bb3-7514fdad83d4,315274008,Suspected lower gastrointestinal cancer,OTHERWISE TRUE,,ALWAYS Z12.10 | CONSIDER ADDITIONAL CODE TO IDENTIFY SPECIFIC CONDITION OR DISEASE,Z12.10,"Encounter for screening for malignant neoplasm of intestinal tract, unspecified"
b14e22fb-9523-5c6e-88f6-630c035a5c90,315276005,Suspected skin cancer,TRUE,,ALWAYS Z12.83 | CONSIDER ADDITIONAL CODE TO IDENTIFY SPECIFIC CONDITION OR DISEASE,Z12.83,Encounter for screening for malignant neoplasm of skin
25a5ca66-40c4-5df2-9ad8-ad448ff3e1ed,315277001,Suspected head and neck cancer,IF SUSPECTED NEUROBLASTOMA ,IF AGE AT ONSET OF CLINICAL FINDING BEFORE 29.0 DAYS,IF SUSPECTED NEUROBLASTOMA AND IF AGE AT ONSET OF CLINICAL FINDING BEFORE 29.0 DAYS CHOOSE Z05.9 | MAP OF SOURCE CONCEPT IS CONTEXT DEPENDENT,Z05.9,Observation and evaluation of newborn for unspecified suspected condition ruled out
e3e6d606-1215-5978-ad94-c38f3a228e74,315277001,Suspected head and neck cancer, Suspected neuroblastoma ,,IF SUSPECTED NEUROBLASTOMA CHOOSE Z03.89 | MAP OF SOURCE CONCEPT IS CONTEXT DEPENDENT,Z03.89,Encounter for observation for other suspected diseases and conditions ruled out
a4ef2103-d03e-54a1-be3c-4e381ccff204,315277001,Suspected head and neck cancer,OTHERWISE TRUE,,ALWAYS Z12.89 | CONSIDER ADDITIONAL CODE TO IDENTIFY SPECIFIC CONDITION OR DISEASE,Z12.89,Encounter for screening for malignant neoplasm of other sites
72bae071-b7cb-59ef-b234-da2c52b69e01,3.19E+13,Family history of breast cancer gene BRCA mutation,TRUE,,ALWAYS Z84.81 | CONSIDER ADDITIONAL CODE TO IDENTIFY SPECIFIC CONDITION OR DISEASE,Z84.81,Family history of carrier of genetic disease
e040dc71-d6f9-58f1-93d9-6a9aff1f05be,34563004,Fear of getting cancer, Fear of genital cancer ,,IF FEAR OF GENITAL CANCER CHOOSE F45.21 | MAP OF SOURCE CONCEPT IS CONTEXT DEPENDENT,F45.21,Hypochondriasis
0347922a-40fb-5ecd-bb16-3843442508a3,34563004,Fear of getting cancer, Fear of breast cancer ,,IF FEAR OF BREAST CANCER CHOOSE F45.21 | MAP OF SOURCE CONCEPT IS CONTEXT DEPENDENT,F45.21,Hypochondriasis
2173ee45-7bbd-5d14-834c-3fa2c428a5af,34563004,Fear of getting cancer,OTHERWISE TRUE,,ALWAYS F40.298,F40.298,Other specified phobia
59ec1911-0c53-5a77-9cb6-53acc9c1169d,369814002,"T3 (III): Endometrial tumor with local and/or regional spread as specified in T3a, b, N1 and FIGO IIIA, B, and C below or adnexa (direct extension or metastasis) and/or cancer cells in ascites or peritoneal washings",TRUE,,ALWAYS C54.1,C54.1,Malignant neoplasm of endometrium
00e9c33b-ee0c-5033-9d0f-74394baf6ecb,369814002,"T3 (III): Endometrial tumor with local and/or regional spread as specified in T3a, b, N1 and FIGO IIIA, B, and C below or adnexa (direct extension or metastasis) and/or cancer cells in ascites or peritoneal washings",TRUE,,ALWAYS C79.89,C79.89,Secondary malignant neoplasm of other specified sites
b59979e8-d187-5277-a2df-ed58205a3d4a,373785006,Cancer dataset administrative items, Radiotherapy course changed - progressive disease during radiotherapy ,,IF RADIOTHERAPY COURSE CHANGED - PROGRESSIVE DISEASE DURING RADIOTHERAPY CHOOSE R69 | MAP OF SOURCE CONCEPT IS CONTEXT DEPENDENT,R69,"Illness, unspecified"
0dddd008-d5fd-5041-baff-15f4cdf975ee,373785006,Cancer dataset administrative items, Radiotherapy course changed - acute radiotherapy toxicity ,,IF RADIOTHERAPY COURSE CHANGED - ACUTE RADIOTHERAPY TOXICITY CHOOSE T66.XXX? | EPISODE OF CARE INFORMATION NEEDED | MAP OF SOURCE CONCEPT IS CONTEXT DEPENDENT,T66.XXX?,"Radiation sickness, unspecified, episode of care unspecified"
275516ea-ab2d-5094-9491-664665d487e5,373793006,Basis of cancer diagnosis, Cancer diagnosis based on death certificate ,,IF CANCER DIAGNOSIS BASED ON DEATH CERTIFICATE CHOOSE C80.1 | MAP OF SOURCE CONCEPT IS CONTEXT DEPENDENT,C80.1,"Malignant (primary) neoplasm, unspecified"
5839d6ec-fc89-5dc0-a158-a8772ced2b86,373793006,Basis of cancer diagnosis, Cancer diagnosis based on clinical evidence ,,IF CANCER DIAGNOSIS BASED ON CLINICAL EVIDENCE CHOOSE C80.1 | MAP OF SOURCE CONCEPT IS CONTEXT DEPENDENT,C80.1,"Malignant (primary) neoplasm, unspecified"
fefd6901-81e9-537c-a62e-64cec369f1b8,373793006,Basis of cancer diagnosis," Cancer diagnosis based on investigations, without a tissue diagnosis ",,"IF CANCER DIAGNOSIS BASED ON INVESTIGATIONS, WITHOUT A TISSUE DIAGNOSIS CHOOSE C80.1 | MAP OF SOURCE CONCEPT IS CONTEXT DEPENDENT",C80.1,"Malignant (primary) neoplasm, unspecified"
2aed4ea6-37b1-567f-b2de-cbbb9a836f5a,373794000,Cancer diagnosis based on death certificate,TRUE,,ALWAYS C80.1,C80.1,"Malignant (primary) neoplasm, unspecified"
75fa411e-49cf-59e3-ba44-a042e3fa7b7e,373795004,Cancer diagnosis based on clinical evidence,TRUE,,ALWAYS C80.1,C80.1,"Malignant (primary) neoplasm, unspecified"
430454b6-1cad-5984-9aad-4c50917f5081,373796003,"Cancer diagnosis based on investigations, without a tissue diagnosis",TRUE,,ALWAYS C80.1,C80.1,"Malignant (primary) neoplasm, unspecified"
5ed252eb-62ca-57ce-b83b-9beb68bb7b42,373797007,Cancer diagnosis based on specific tumor markers,TRUE,,ALWAYS C80.1,C80.1,"Malignant (primary) neoplasm, unspecified"
4a2b0cf0-9825-52e8-82ac-4ed00b46f67c,373798002,Cancer diagnosis based on cytological evidence,TRUE,,ALWAYS C80.1,C80.1,"Malignant (primary) neoplasm, unspecified"
7032291c-adb3-5e38-b9fc-f34e5d57e253,373799005,Cancer diagnosis based on metastatic histological evidence,TRUE,,ALWAYS C80.1,C80.1,"Malignant (primary) neoplasm, unspecified"
f17121c9-6957-59af-bf75-62207e07b1ee,373811001,Reason for no specific anti-cancer treatment, No anti-cancer treatment - poor performance status ,,IF NO ANTI-CANCER TREATMENT - POOR PERFORMANCE STATUS CHOOSE C80.1 | MAP OF SOURCE CONCEPT IS CONTEXT DEPENDENT,C80.1,"Malignant (primary) neoplasm, unspecified"
66605d50-7718-55b4-ae19-17284723b668,373811001,Reason for no specific anti-cancer treatment, No anti-cancer treatment - advanced stage cancer ,,IF NO ANTI-CANCER TREATMENT - ADVANCED STAGE CANCER CHOOSE C80.1 | MAP OF SOURCE CONCEPT IS CONTEXT DEPENDENT,C80.1,"Malignant (primary) neoplasm, unspecified"
ee963045-b446-5a8f-94e9-a8d2c8b8d6aa,373811001,Reason for no specific anti-cancer treatment, Patient died before anti-cancer treatment ,,IF PATIENT DIED BEFORE ANTI-CANCER TREATMENT CHOOSE C80.1 | MAP OF SOURCE CONCEPT IS CONTEXT DEPENDENT,C80.1,"Malignant (primary) neoplasm, unspecified"
ae2f6502-d9d5-5cbb-b33a-74858cf36bca,373813003,No anti-cancer treatment - poor performance status,TRUE,,ALWAYS C80.1,C80.1,"Malignant (primary) neoplasm, unspecified"
46c37680-dabc-5894-a4e0-7e956013511f,373814009,No anti-cancer treatment - advanced stage cancer,TRUE,,ALWAYS C80.1,C80.1,"Malignant (primary) neoplasm, unspecified"
044bc5e2-b20e-5c94-969c-0fe443e2f589,373814009,No anti-cancer treatment - advanced stage cancer,TRUE,,ALWAYS Z53.9,Z53.9,"Procedure and treatment not carried out, unspecified reason"
86a20556-ae49-5dc2-bf8b-c164dea305cc,373815005,Patient died before anti-cancer treatment,TRUE,,ALWAYS C80.1,C80.1,"Malignant (primary) neoplasm, unspecified"
e7d9141a-d2dd-50c5-9a35-961c1f43269b,373815005,Patient died before anti-cancer treatment,TRUE,,ALWAYS Z53.9,Z53.9,"Procedure and treatment not carried out, unspecified reason"
0dd2e586-124b-59e9-ba4e-4d497ed197db,373816006,No anti-cancer treatment - significant co-morbidity,TRUE,,ALWAYS Z53.8,Z53.8,Procedure and treatment not carried out for other reasons
a97f4714-63f8-50d2-aa6f-2842fff84a39,373817002,No anti-cancer treatment available,TRUE,,ALWAYS C80.1,C80.1,"Malignant (primary) neoplasm, unspecified"
b99ca6b9-e57a-5a65-bb92-3945f8075c8e,373818007,No anti-cancer treatment - watchful waiting,TRUE,,ALWAYS C80.1,C80.1,"Malignant (primary) neoplasm, unspecified"
e08e49b9-8ce3-5fc3-938e-bd860bc95bda,373865001,Cancer treatment related morbidity,TRUE,,ALWAYS T81.9XX? | CONSIDER ADDITIONAL CODE TO IDENTIFY SPECIFIC CONDITION OR DISEASE | EPISODE OF CARE INFORMATION NEEDED | POSSIBLE REQUIREMENT FOR AN EXTERNAL CAUSE CODE,T81.9XX?,"Unspecified complication of procedure, episode of care unspecified"
78021fff-c41e-5b50-993a-51ddf2815823,395073001,Cancer treatment started,TRUE,,ALWAYS C80.1,C80.1,"Malignant (primary) neoplasm, unspecified"
37d6a7a8-f4b0-5235-9c56-354f5bde8bc2,395073001,Cancer treatment started,TRUE,,ALWAYS Z76.89,Z76.89,Persons encountering health services in other specified circumstances
b7ab2ae0-f5f3-542a-9f2a-0583d6b9a348,395081000,Cancer diagnosis discussed,TRUE,,ALWAYS Z76.89,Z76.89,Persons encountering health services in other specified circumstances
369c4e94-a8f4-53bb-851a-72294a015a27,395099008,Cancer confirmed,TRUE,,ALWAYS C80.1,C80.1,"Malignant (primary) neoplasm, unspecified"
9cb032f8-9e78-5ad6-9d1b-85bf58a33618,395671003,Cancer diagnosis discussed with partner in relationship,TRUE,,ALWAYS Z76.89,Z76.89,Persons encountering health services in other specified circumstances
669f8b44-9e39-5522-b970-18b7a1424ffb,395672005,Cancer diagnosis discussed with patient,TRUE,,ALWAYS Z76.89,Z76.89,Persons encountering health services in other specified circumstances
6228ff5f-abbd-58c5-9b46-5843f6d139a2,395673000,Cancer care plan discussed with patient,TRUE,,ALWAYS Z76.89,Z76.89,Persons encountering health services in other specified circumstances
d10a0667-7c73-5e85-ada9-ee32073f3c79,395674006,Cancer care plan discussed with partner in relationship,TRUE,,ALWAYS Z76.89,Z76.89,Persons encountering health services in other specified circumstances
0ece0f1c-fa07-5ae5-a037-b1e3f163cccb,396320002,"pT3a (IIIA): Tumor involves serosa, AND/OR adnexa (direct extension or metastasis) AND/OR cancer cells in ascites or peritoneal washings (TNM category and FIGO stage) (corpus uteri)",TRUE,,ALWAYS C54.9,C54.9,"Malignant neoplasm of corpus uteri, unspecified"
35cdd239-a8b3-5aeb-ac6b-f10a3d820077,397614000,Suspected central nervous system cancer, Suspected neuroblastoma , Age at onset of clinical finding (observable entity)  < 29.0 days,IF SUSPECTED NEUROBLASTOMA AND IF AGE AT ONSET OF CLINICAL FINDING BEFORE 29.0 DAYS CHOOSE Z05.9 | MAP OF SOURCE CONCEPT IS CONTEXT DEPENDENT,Z05.9,Observation and evaluation of newborn for unspecified suspected condition ruled out
fbf184b3-df20-5614-abdf-2fe13b09aca3,397614000,Suspected central nervous system cancer, Suspected neuroblastoma ,,IF SUSPECTED NEUROBLASTOMA CHOOSE Z03.89 | MAP OF SOURCE CONCEPT IS CONTEXT DEPENDENT,Z03.89,Encounter for observation for other suspected diseases and conditions ruled out
48e7ab2f-9ccd-500a-947b-bf49257e6158,397614000,Suspected central nervous system cancer,OTHERWISE TRUE,,ALWAYS Z12.82 | CONSIDER ADDITIONAL CODE TO IDENTIFY SPECIFIC CONDITION OR DISEASE,Z12.82,Encounter for screening for malignant neoplasm of nervous system
37e32620-a3af-5423-b1b1-fbdc79a6169b,397657005,Suspected urological cancer, Suspected bladder cancer ,,IF SUSPECTED BLADDER CANCER CHOOSE Z12.6 | CONSIDER ADDITIONAL CODE TO IDENTIFY SPECIFIC CONDITION OR DISEASE | MAP OF SOURCE CONCEPT IS CONTEXT DEPENDENT,Z12.6,Encounter for screening for malignant neoplasm of bladder
c928d09f-110d-5648-ae9b-9787d8f14029,397657005,Suspected urological cancer,OTHERWISE TRUE,,ALWAYS Z12.79 | CONSIDER ADDITIONAL CODE TO IDENTIFY SPECIFIC CONDITION OR DISEASE,Z12.79,Encounter for screening for malignant neoplasm of other genitourinary organs
ea88ff90-eb01-51e1-865c-126de0476494,397682005,Suspected gynecological cancer, Suspected cervical cancer ,,IF SUSPECTED CERVICAL CANCER CHOOSE Z12.4 | CONSIDER ADDITIONAL CODE TO IDENTIFY SPECIFIC CONDITION OR DISEASE | MAP OF SOURCE CONCEPT IS CONTEXT DEPENDENT,Z12.4,Encounter for screening for malignant neoplasm of cervix
523c55b6-d54c-5fd1-b38d-c0f271d37e8e,397682005,Suspected gynecological cancer, Suspected ovarian cancer ,,IF SUSPECTED OVARIAN CANCER CHOOSE Z03.89 | MAP OF SOURCE CONCEPT IS CONTEXT DEPENDENT,Z03.89,Encounter for observation for other suspected diseases and conditions ruled out
5b72623a-e15d-545d-8150-10fa3c421134,397682005,Suspected gynecological cancer,OTHERWISE TRUE,,ALWAYS Z12.79 | CONSIDER ADDITIONAL CODE TO IDENTIFY SPECIFIC CONDITION OR DISEASE,Z12.79,Encounter for screening for malignant neoplasm of other genitourinary organs
7f59a18e-e6b5-5409-a088-308220550bd0,397715008,Suspected children's cancer,TRUE,,ALWAYS Z12.9 | CONSIDER ADDITIONAL CODE TO IDENTIFY SPECIFIC CONDITION OR DISEASE,Z12.9,"Encounter for screening for malignant neoplasm, site unspecified"
ac73e5ae-384c-5f45-93db-e053b381d354,399626004,No anti-cancer treatment due to unknown primary,TRUE,,ALWAYS C80.1,C80.1,"Malignant (primary) neoplasm, unspecified"
312298b3-77ad-5a4d-aedd-88e609f94c70,403593004,Phobic fear of skin cancer,TRUE,,ALWAYS F40.298,F40.298,Other specified phobia
fc2e1bc2-95b3-532e-8ebd-778ef392fec9,406100007,Seen by breast cancer nurse,TRUE,,ALWAYS Z76.89,Z76.89,Persons encountering health services in other specified circumstances
803c2325-5b9a-5e2a-ad0c-43696fe345f9,413737006,Cancer hospital treatment completed,TRUE,,ALWAYS Z92.89 | CONSIDER ADDITIONAL CODE TO IDENTIFY SPECIFIC CONDITION OR DISEASE,Z92.89,Personal history of other medical treatment
a46dbf06-7f68-53d4-bb35-bef5082aedaa,413744002,Cancer screening follow up,TRUE,,ALWAYS Z76.89,Z76.89,Persons encountering health services in other specified circumstances
aac42c4b-7da3-52b0-8bf7-bf06fb86f10c,414205003,Family history of prostate cancer,TRUE,,ALWAYS Z80.42 | CONSIDER ADDITIONAL CODE TO IDENTIFY SPECIFIC CONDITION OR DISEASE,Z80.42,Family history of malignant neoplasm of prostate
ef52a324-20e1-5399-a366-4986de7ba31e,417680009,Cancer home care pack given,TRUE,,ALWAYS Z76.89,Z76.89,Persons encountering health services in other specified circumstances
b5a10dc4-cca0-54f0-bfd8-721d2c57bf23,422782004,"Ovarian cancer, disseminated",TRUE,,ALWAYS C56.9 | CONSIDER ADDITIONAL CODE TO IDENTIFY SPECIFIC CONDITION OR DISEASE | CONSIDER LATERALITY SPECIFICATION,C56.9,Malignant neoplasm of unspecified ovary
2e5283c1-8334-588f-8bca-5055f2dfdb67,423987006,"Cancer of vulva, disseminated",TRUE,,ALWAYS C51.9,C51.9,"Malignant neoplasm of vulva, unspecified"
0cbf13de-9fd5-5c71-aa87-7c4a14807d65,4.24E+12,Breast cancer screening not done,TRUE,,ALWAYS Z53.9,Z53.9,"Procedure and treatment not carried out, unspecified reason"
d84a5fe3-dd15-51cc-8875-5557c5ec0c52,424887002,Thyroid cancer metastatic to bone,TRUE,,ALWAYS C73 | CONSIDER ADDITIONAL CODE TO IDENTIFY SPECIFIC CONDITION OR DISEASE,C73,Malignant neoplasm of thyroid gland
8415221f-2bf7-5448-8491-36169ed19876,4.33E+14,Neoplasm of breast regional lymph node staging category N2 as per American Joint Committee on Cancer 7th edition,TRUE,,ALWAYS C77.3,C77.3,Secondary and unspecified malignant neoplasm of axilla and upper limb lymph nodes
d7f39d6f-8403-5689-a3dd-d0470fe44139,4.33E+14,Neoplasm of breast regional lymph node staging category N2 as per American Joint Committee on Cancer 7th edition, Female (finding) ,,IF FEMALE CHOOSE C50.919 | CONSIDER ADDITIONAL CODE TO IDENTIFY SPECIFIC CONDITION OR DISEASE | CONSIDER LATERALITY SPECIFICATION | MAP IS CONTEXT DEPENDENT FOR GENDER,C50.919,Malignant neoplasm of unspecified site of unspecified female breast
ab550eb6-8fba-5593-831a-351e3825b46b,4.33E+14,Neoplasm of breast regional lymph node staging category N2 as per American Joint Committee on Cancer 7th edition, Male (finding) ,,IF MALE CHOOSE C50.929 | CONSIDER ADDITIONAL CODE TO IDENTIFY SPECIFIC CONDITION OR DISEASE | CONSIDER LATERALITY SPECIFICATION | MAP IS CONTEXT DEPENDENT FOR GENDER,C50.929,Malignant neoplasm of unspecified site of unspecified male breast
ed548fcb-c48b-5908-b82a-82bd0010b303,4.33E+14,Neoplasm of breast regional lymph node staging category N3 as per American Joint Committee on Cancer 7th edition, Neoplasm of breast regional lymph node staging category N3c: Metastasis in ipsilateral supraclavicular lymph node(s) ,,IF NEOPLASM OF BREAST REGIONAL LYMPH NODE STAGING CATEGORY N3C: METASTASIS IN IPSILATERAL SUPRACLAVICULAR LYMPH NODE CHOOSE C77.0 | MAP OF SOURCE CONCEPT IS CONTEXT DEPENDENT,C77.0,"Secondary and unspecified malignant neoplasm of lymph nodes of head, face and neck"
851d9c39-6e75-518b-bb04-0828900c8d58,4.33E+14,Neoplasm of breast regional lymph node staging category N3 as per American Joint Committee on Cancer 7th edition,OTHERWISE TRUE,,ALWAYS C77.3,C77.3,Secondary and unspecified malignant neoplasm of axilla and upper limb lymph nodes
c37efc8f-026c-5958-8a58-6f64a7b88a17,4.36E+14,Neoplasm of breast regional lymph node staging category pN3b as per American Joint Committee on Cancer 7th edition,TRUE,,ALWAYS C77.3,C77.3,Secondary and unspecified malignant neoplasm of axilla and upper limb lymph nodes
22f75e35-6af3-514c-8e4c-c021d4128ce9,4.36E+14,Neoplasm of breast regional lymph node staging category pN3 as per American Joint Committee on Cancer 7th edition,TRUE,,ALWAYS C77.3,C77.3,Secondary and unspecified malignant neoplasm of axilla and upper limb lymph nodes
b0016f25-fd61-5d02-8395-bfa4babe6d89,4.36E+14,Neoplasm of breast distant metastasis staging category cM0(i+) as per American Joint Committee on Cancer 7th edition,TRUE,,ALWAYS C79.81,C79.81,Secondary malignant neoplasm of breast
bca3165c-fd45-5a3d-a92b-9377d550194e,4.36E+14,Neoplasm of breast regional lymph node staging category pN0 as per American Joint Committee on Cancer 7th edition, Female (finding) ,,IF FEMALE CHOOSE C50.919 | CONSIDER ADDITIONAL CODE TO IDENTIFY SPECIFIC CONDITION OR DISEASE | CONSIDER LATERALITY SPECIFICATION | MAP IS CONTEXT DEPENDENT FOR GENDER,C50.919,Malignant neoplasm of unspecified site of unspecified female breast
8f9b1194-dce9-573f-a321-9422c8af831c,4.36E+14,Neoplasm of breast regional lymph node staging category pN0 as per American Joint Committee on Cancer 7th edition, Male (finding) ,,IF MALE CHOOSE C50.929 | CONSIDER ADDITIONAL CODE TO IDENTIFY SPECIFIC CONDITION OR DISEASE | CONSIDER LATERALITY SPECIFICATION | MAP IS CONTEXT DEPENDENT FOR GENDER,C50.929,Malignant neoplasm of unspecified site of unspecified male breast
b5974c3b-96b5-5dc5-b030-9fa55e6181f3,444764006,Cancer antigen 27-29 above reference range,TRUE,,ALWAYS R89.8,R89.8,"Other abnormal findings in specimens from other organs, systems and tissues"
4ba4c8a6-8d80-5b74-b055-a5ab2c39a0c1,445333001,Breast cancer genetic marker of susceptibility positive, BRCA1 gene mutation positive ,,IF BRCA1 GENE MUTATION POSITIVE CHOOSE Z15.01 | CONSIDER ADDITIONAL CODE TO IDENTIFY SPECIFIC CONDITION OR DISEASE | MAP OF SOURCE CONCEPT IS CONTEXT DEPENDENT,Z15.01,Genetic susceptibility to malignant neoplasm of breast
37ee06ee-8ba8-5415-8a19-9c21de16a60a,445333001,Breast cancer genetic marker of susceptibility positive, BRCA2 gene mutation positive ,,IF BRCA2 GENE MUTATION POSITIVE CHOOSE Z15.01 | CONSIDER ADDITIONAL CODE TO IDENTIFY SPECIFIC CONDITION OR DISEASE | MAP OF SOURCE CONCEPT IS CONTEXT DEPENDENT,Z15.01,Genetic susceptibility to malignant neoplasm of breast
e3fb6a4c-e9c2-52d6-9a70-60ed8c219475,445333001,Breast cancer genetic marker of susceptibility positive,OTHERWISE TRUE,,ALWAYS R89.8,R89.8,"Other abnormal findings in specimens from other organs, systems and tissues"
20bfe380-4bb1-512d-a721-f786fd6cd30c,445333001,Breast cancer genetic marker of susceptibility positive,TRUE,,ALWAYS Z15.01 | CONSIDER ADDITIONAL CODE TO IDENTIFY SPECIFIC CONDITION OR DISEASE,Z15.01,Genetic susceptibility to malignant neoplasm of breast
eab0e2b9-8a2a-526d-9c3d-41f43cc35af3,4.46E+12,Cervical cancer screening not done,TRUE,,ALWAYS Z53.9,Z53.9,"Procedure and treatment not carried out, unspecified reason"
6e9c350e-a035-5b61-be21-04a99538a309,4.47E+12,Colorectal cancer screening not done,TRUE,,ALWAYS Z53.9,Z53.9,"Procedure and treatment not carried out, unspecified reason"
73c9f6a5-769f-507f-81fe-6141bb2a4f9f,4.49E+14,At high risk for breast cancer,TRUE,,ALWAYS Z91.89 | CONSIDER ADDITIONAL CODE TO IDENTIFY SPECIFIC CONDITION OR DISEASE,Z91.89,"Other specified personal risk factors, not elsewhere classified"
844c83dc-c372-55a5-9004-ecd2a4052db2,706970001,Triple-negative breast cancer, Female (finding) ,,IF FEMALE CHOOSE C50.919 | CONSIDER ADDITIONAL CODE TO IDENTIFY SPECIFIC CONDITION OR DISEASE | CONSIDER LATERALITY SPECIFICATION | MAP IS CONTEXT DEPENDENT FOR GENDER,C50.919,Malignant neoplasm of unspecified site of unspecified female breast
05f38085-53e1-5b85-af72-54b153551f82,706970001,Triple-negative breast cancer, Male (finding) ,,IF MALE CHOOSE C50.929 | CONSIDER ADDITIONAL CODE TO IDENTIFY SPECIFIC CONDITION OR DISEASE | CONSIDER LATERALITY SPECIFICATION | MAP IS CONTEXT DEPENDENT FOR GENDER,C50.929,Malignant neoplasm of unspecified site of unspecified male breast
59145b93-fafd-5c66-b9fc-db10497c7add,708533009,International Federation of Gynecology and Obstetrics endometrial cancer (FIGO EC) stage IIIA,TRUE,,ALWAYS C54.1,C54.1,Malignant neoplasm of endometrium
1a5953ae-0f7b-5ac7-8cac-9df9d56b6524,708699002,Stool DNA-based colorectal cancer screening positive,TRUE,,ALWAYS R85.89,R85.89,Other abnormal findings in specimens from digestive organs and abdominal cavity
c5210104-fa41-57c1-a88f-ff5b1e51c947,712849003,Prostate cancer metastatic to bone,TRUE,,ALWAYS C61 | CONSIDER ADDITIONAL CODE TO IDENTIFY SPECIFIC CONDITION OR DISEASE,C61,Malignant neoplasm of prostate
04920eb2-4014-5166-ac5c-a0536782bd79,712849003,Prostate cancer metastatic to bone,TRUE,,ALWAYS C79.51,C79.51,Secondary malignant neoplasm of bone